"code","nom","marque"
"AJAX","AJAX","PAM"
"ATLAS","ATLAS","PAM"
"ATLASPLUS","ATLAS PLUS","PAM"
"C9","C9","PAM"
"DAUPHIN","DAUPHIN","BAYARD"
"DAUPHINE","DAUPHINE","AVK"
"ELANCIO","ELANCIO","PAM"
"EMERAUDE","EMERAUDE","BAYARD"
"EMERAUDEPARSEC","EMERAUDE PARSEC","BAYARD"
"HERMES","HERMES","PAM"
"HERMESPLUS","HERMES PLUS","PAM"
"INCONGELABLE","INCONGELABLE","BAYARD"
"NONINCONGELABLE","NON INCONGELABLE","BAYARD"
"ORION","ORION","AVK"
"ORION2","ORION 2","AVK"
"PAM","PAM","PAM"
"PEGASE","PEGASE","AVK"
"PHENIX","PHENIX","AVK"
"RACCORDKEYSERNONCONFORME","RACCORD KEYSER NON CONFORME","PEYTAVIN"
"RATIONNEL","RATIONNEL","PAM"
"RETRO","RETRO","BAYARD"
"SAPHIR","SAPHIR","BAYARD"
"SAPHIRPARSEC","SAPHIR PARSEC","BAYARD"
"VEGA","VEGA","AVK"
